{
  "mixed": {
    "values": [
      0.572915609343153,
      0.5706328695105458,
      0.5670464294855927,
      0.5747772089971557,
      0.5752657141984049,
      0.5755703769225855,
      0.5752950319736623,
      0.5785452432989558,
      0.5799100352422005,
      0.578542566123893,
      0.5795182887316317,
      0.5809535331696798,
      0.5817629529544929,
      0.5837505297894955,
      0.5820006214651967,
      0.5833705478302017,
      0.5834809894876418,
      0.5850970273545085,
      0.5837976141584095,
      0.5845858621669819,
      0.5854228161275774,
      0.5886570040159008,
      0.5858949938589884,
      0.5866496007469932,
      0.5886375410909693,
      0.5887018625996805,
      0.590058164559068,
      0.5947401861192848,
      0.5923924742811155,
      0.5958268615066805
    ],
    "n": 30,
    "mean": 0.5824600185703549,
    "std": 0.006790318223198662
  },
  "control": {
    "values": [
      0.5830230770370116,
      0.582933529936186,
      0.581881219999608,
      0.5834467835102203,
      0.5831174164378732,
      0.5829484102369827,
      0.5831867052819366,
      0.5829274130799986,
      0.5825929635760324,
      0.5826374941295839,
      0.5833102654698562,
      0.5824490101835312,
      0.5827006066881774,
      0.5833448655513319,
      0.5831972111937679,
      0.5832289195644303,
      0.5831767211342292,
      0.5828619977255729,
      0.5835670761728071,
      0.5825629540541323,
      0.5827189741713398,
      0.5825913936430476,
      0.5830837875133176,
      0.5826046625746434,
      0.5828344672065532,
      0.5825692274080075,
      0.5829593851447744,
      0.5826353715046937,
      0.5823137726294204,
      0.582866855408769
    ],
    "n": 30,
    "mean": 0.5828757512722612,
    "std": 0.00035845959538757197
  }
}